make,model
cessna,501
schweizer,2-33A
schweizer,SGS 1-26B
pratt-read,PRG-1
raven,RX-7
schweizer,SGS2-33A
let,L-13
rolladen-schneider,LS-4
schweizer,SGS-2-33A
schempp-hirth,NIMBUS II
schaffer-provencher,UW
schempp-hirth,STANDARD CIRRUS
barnes,AX-6B
glasflugel,H-301
balloon works,FIREFLY 7
i.c.a. brasov,IS-29D2
balloon works,FIRE FLY 7
schempp-hirth,CIRRUS
flug-und fahrzeugwerke (ffa),DIAMANT
piccard,AX-6
schweizer,1-36
balloon works,FIREFLY 8-24
laister,LK10
berkshire,CONCEPT 70
balloon works,FIREFLY AX-7
eiriavion oy,PIK-20B
schweizer,SGS 1-35C
schweizer,SGS 1-26F
semco,SEM 182
burkhart grob,FLUGZEUGBAU G103
schweizer,SGS 2-33A
raven,S-55A
schweizer,SGS 1-34
schweizer,SGS 1-23
adams,AB
schweizer,SGS 1-26D
burkhart grob,G103
schweizer,SGS1-36
lark aviation,IS28B2
schweizer,SGU-22
balloon works,FIRE FLY 8-24
schweizer,SGS1-26C
molino oy,PIK-20B
b??lkow,PHOEBUS A-1
eiriavion oy,PIK 20D
schweizer,SGS1-26D
barnes,FIREFLY 7
schleicher,AS-K13
schweizer,SGS 1-26E
barnes,AX-7
glasflugel,LIBELLE
schleicher,ASW-15
schempp-hirth,VENTUS A
schleicher,ASW 20 B
schleicher,ASW12
schweizer,SGS 1-36
schweizer,SGU2-22E
avian balloon,AX8
raven,S-66A
raven,S-60A
general balloon,AX-6
balloon works,FIREFLY 7B
cirrus,STANDARD CIRRUS
centrair,101A
schempp-hirth,VENTUS-B
schweizer,SGS-1-26B
schweizer,SGS-233
burkhart grob,G-103-II AERO
i.c.a. brasov,IS-28B2
schweizer,SGS 1-26
balloon works,FIREFLY 8
schweizer,SGS 1-26C
raven,S60A
cameron,0-77
burkhart grob,103
balloon works,8B
burkhart grob,102
centrair,SCHLEICHER ASW-20
rolladen-schneider,L53
schweizer,2-32
schweizer,SGS 1-26A
eiriavion oy,PIK 20-D
schweizer,SGS 2-32
schweizer,SGS-2-32A
avian,SKYHAWK
schleicher,ASW-19
schleicher,ASW-20B
schleicher,ASW-20
glasflugel,ST LIBELLE
rolladen-schneider,LS-6
raven,AERO STAR S-66A
scheibe flugzeugbau,BERGFALKE II-55
balloon works,FF-7
schweizer,SGS 2-33
burkhart grob,G103 TWIN II
raven,S55A/AX7
burkhart grob,G103 TWIN ASTIR
glaser-dirks,DG-400
balloon works,FIREFLY 7-B
balloon works,BARNES FF-8-24
raven,S-77A
piper,PA 16
eagle aircraft co.,C-7
schweizer,SGS2-33
pik,20
schleicher,KA-6-CR
balloon works,FIREFLY 8B
aerostar,RX-7
burkhart grob,G102-111B
schleicher,K8B
raven,S77A
burkhart grob,G-102
slingsby,DART T-51
balloon works,AX-8B
aerostar,S-60A
slingsby,T59D KESTREL 19
i.c.a. brasov,IS-29D
schempp-hirth,DISCUS A
raven,RX-6
schweizer,SGS-1-26E
schweizer,TG3A
raven,RALLY II
schweizer,SGU-2-22E
let,L13
schempp-hirth,DISCUS-B
cameron,A-140
"head balloons, inc.",AX8-88
glaser-dirks,DG-101
schweizer,1-26
schweizer,1-23
flug-und fahrzeugwerke (ffa),DIAMENT 16.5
balloon works,FIREFLY 6B
balloon works,FIREFLY-7
balloon works,FIREFLY
cameron,V-77
schweizer,SGS-1-35C
cameron,N105
cameron,O-105
schweizer,S2-33A
balloon works,7B
adams,A60S
schweizer,1-26E
rolladen-schneider,LSIF SAILPLANE
rolladen-schneider,LS-3A
schempp-hirth,VENTUS B/16.6
aerostar,S-66A
piccard,P-80
rolladen-schneider,LS-3
glasflugel,H 301 LIBELLE
rolladen-schneider,LS3-A
schleicher,ASK-21
thunder and colt,AX9-140 SLI
schweizer,SGS 1-35
cameron,O-84
cameron,N120
schleicher,ASW-22
schweizer,SGS1-26-D
glasflugel,LIBELLE 201B
burkhart grob,G103B
i.c.a. brasov,LARK I-28-B2
robinson,R22
mbb,BO-105
molino oy,PIK-20
pilatus,B4-PC11AF
burkhart grob,G-103 TWIN ASTIR
let,BLANIK L-13
swift,S-1
raven,RALLY RX7
furche-bielsko,SZD-48 JANTAR
schweizer,2-33-A
pzl-bielsko,SZD-55-1
"head balloons, inc.",AX9-118
de havilland,U6A
cameron,ET-90
bell,206B
hiller,UH-12E
hughes,269A
let,SUPER BLANIK L-33
burkhart grob,BG 103
burkhart grob,6103 TWIN ASTIR
schempp-hirth,VENTUS-C
wsk pzl krosno,KR-03A
burkhart grob,G 103 TWIN II
glasflugel,STANDARD LIBELLE
bell,47G3B1
cameron,CAN-56
mcdonnell douglas,OH-6A
bell,206-B3
schweizer,SGS2-32
schweizer,2-33
continental copters,MK 5 TOMCAT
eiriavion oy,PIK20D-78
lockheed,P2V-7
piper,PA-28
rolladen-schneider,LS-4A
thunder and colt,120A
bell,206B-III
bellanca,BL28
de havilland,DHC-6-300
schweizer,SGS 1-34R
cessna,172Q
balloon works,FIRE FLY 7-15
bell,206L3
schleicher,ASW15B
cessna,185
bell,206L4
semco,CHALLENGER
raven,S100A
cessna,U-206G
cessna,T210N
thunder and colt,TC-180
glaser-dirks,DG-600
mcdonnell douglas,369E
burkhart grob,103A
burkhart grob,G-103
rockwell,X31
cessna,180
burkhart grob,TWIN ASTIR
burkhart grob,G102 ASTIR CS
aerotek,ZUNI
de havilland,DHC-3
schweizer,300C
schweizer,SC2-33A
let,L-23 SUPER BLANIK
b??lkow,PHOEBUS C
aerostar,S-77A
schweizer,S-2-33A
schweizer,SGS 126B
slingsby,T-51
rolladen-schneider,LS-3-17
fantasy sky promotions,FANTASY 6
aerostar,S-81-A
schempp-hirth,CIRRUS-B
general balloon,NEWPORT AX8
schweizer,233A
elan glaser dirks,DG-300 ELAN
schleicher,KA-8B
eiriavion oy,PIK 20B
schweizer,SGU-2-22K
aerostar,S60A
aerostar,RAVEN S49A
burkhart grob,G-102CS
glasflugel,MOSQUITO
laister,LP-15
balloon works,FIREFLY 7-15
let,L-23
aerostar,RX-8
burkhart grob,G102
thunder and colt,180A
schweizer,SGS1-34
cameron,A-210
lithuanian factory of aviation,LAK-12
as+ ltd.,AC 4
schweizer,1-24
schweizer,SGS233A
schweizer,SGS 2-33AK
wsk pzl-krosno,KR-03A
burkhart grob,G103C TWIN III ACRO
raven,RALLEY RX7
schleicher,KA6-CR
schleicher,ASK-13
cameron,O-65
pzl-bielsko,SZD-59
let,SUPER BLANIK L-23
schempp-hirth,CIRRUS-S
thunder and colt,COLT 240A
let,L23
schweizer,SGS-233A
aerostar,RX7
burkhart grob,G-103-TWIN II
glaser-dirks,DG-300
cameron,N-77
airbus industrie,A300B4-605R
centrair,101C
schweizer,SGS 135
schempp-hirth,NIMBUS 3/24.5
schempp-hirth,VENTUS-2B
slingsby aviation plc,T65A
schweizer,SGS 2-8
schempp-hirth,DUO DISCUS
centrair,ASW20F
avian,MAGNUM IX
aerostar,S-55A
laister,LP-49
schleicher,ASW19-B
as+ ltd,AC-4B
balloon works,FIREFLY 11
cameron,N-90
schweizer,FGS-233
schweizer,SGS1-26A
schweizer,126-D
piper,PA-28-161
cameron,R-420
pzl-bielsko,SZD-48-3
balloon works,FIREFLY 8B-15
schleicher,ASW-19B
schweizer,SGS-1-35
as+ ltd,AC-4
rolladen-schneider,LS-6A
mbb,PHOEBUS C
rolladen-schneider,LS 4A
pzl-bielsko,SZD 50-3
schweizer,SGU 2-22E
glasflugel,H 301 B LIBELLE
burkhart grob,G 103C
cameron,A-250
thunder and colt,AX8-90 S 2
piper,PA-32RT
taylorcraft,BC12-D
burkhart grob,G103-TWINA
boeing,767-300ER
piper,PA-31-350
schleicher,ASW27
balloon works,AX-8
aerostar,RX-9
schempp-hirth,MINI-NIMBUS
burkhart grob,G-103 TWIN II
aerostar,RALLY RX-8
aero commander,500
ab sportine aviacija,GENESIS 2
aerostar,RALLY RX-7
adams,A55S
piper,PA-22-150
pilatus,B-4
cessna,150F
rockwell,S-2R
balloon works,FIREFLY 9
let,L-33-SOLO
burkhart grob,103C
beech,C-23
lindstrand,LBL-105G
aero commander,680
schweizer,SGS-1-34
beech,90
cessna,140A
hughes,369D
aerostar,S49A
cessna,A185F
piper,PA-32-300
mcdonnell douglas,MD-83
weatherly,201B
balloon works,FIREFLY F-15
pzl-bielsko,JANTAR 2A
beech,F35
let,L 33 SOLO
aerostar,S57-A
as+ (russia),AS-4
slingsby,41-2
culver,LFA
schweizer,SGS-1-26
luscombe,8E
schleicher,AS20
bell,UH-1B
schleicher,ASW-20L
stinson,108-1
cessna,150
let,L-23 SUPER BLANKIT
piper,PA-44 SEMINOLE
raven,AS-55A
grumman,G164A
piper,PA-18
aerostar,S-81A
cessna,208B
ercoupe,415-C
"galaxy balloons, inc.",GALAXY 7
beech,B19
yakovlev,52
robinson,R-22 BETA
piper,PA-28-181
cessna,172P
piper,PA-28-140
cessna,182J
grob,G102
cessna,172N
piper,J5A
lockheed,L1011
bellanca,8GCBC
raven,S55A
schweitzer,136
beech,D35
bell,206-L4
cessna,152
piper,PA-46-500TP
burkhart grob,G 103 Twin II
burkhart grob,G102 STD ASTIR III
blanik,L-13
cameron balloons,Shuttle 90
rockwell,S2R
piper,PA-25
piper,PA-32R-301
boeing,757
boeing,757-200
aviastrottel,AC 4C
worner,1000 STU
eurocopter,AS-350-BA
flugzeugbau,DG-200
schleicher,AS-W19
cessna,172R
wsk pzl,PW-5
glaser-dirks-flugzeubau,DG-100G
cessna,210F
maule,MXT-7-180A
boeing,E75
boeing,B75N1
schempp-hirth,Standard Cirrus
i.c.a. brasov,IS-28-B2
schempp-hirth,KA8B
british aircraft corp. (bac),Concorde
cessna,500
luscombe,T-8F
aerospatiale,Concorde
schempp-hirth,Cirrus
hughes,OH 6A
burkhart grob,G102 Standard III
quicksilver,MXL II
national ballooning ltd,858
grob,G103 Twin Astir
start & flug,H101
schempp-hirth,Ventus B/16.6
bellanca,14-13-2
firefly balloons,Galaxy 11B
embraer,135
balloon works,Firefly 11
glasflugel,STD Libelle 201B
firefly,F8B
cessna,175B
szd,Jantar 42-1
start & flug,H-101 Salto
burkhart grob,G-103A Twin II Acro
schleicher,ASW-27
cessna,T188C
champion,7ECA
schleicher,K6-CR
worner balloon works,NL-1000
canadair,CL-600
bell,206L1
bell,UH-1H
cessna,Citation 650
robinson,R44
airbus,A319
cessna,310K
piper,PA-44-180
boeing,737-300
burkhart grob flugzeugbau,G103 Twin Astir
boeing,737-700
cameron balloons,A-250
piaggio industrie,P180
burkhart grob flugzeugbau,G102 ASTIR CS
mooney,M20K
de havilland,DHC-2 MK1
monocoupe,110SP
aerostar,RX 8
cameron balloons,Z-105
mooney,M20C
boeing,B757-200
airbus industrie,A320
let,Blanik L-13
cameron balloons,C-100
piper,PA-18-150
schempp-hirth,Ventus A
glaser-dirks flugzeugbau,DG-100G
sikorsky,S-61N
schempp-hirth,Ventus 2A
i.c.a.-brasov,IS-26B2
balloon works,Firefly 7-15
cameron,ZL-60
piper,PA-32-260
cessna,150L
lindstrand balloons,150A
cameron balloons,Z-150
cameron balloons us,N-77
quicksilver,MX II Sprint
let,Blanik
bombardier,CL-600-2B19
cameron balloons us,V-90
bell,206
cessna,172
bell,430
bell,UH1H
sikorsky,S76
beech,F90
convair,440 - NO SERIES
champion,7GC
grumman,G 164D
canadair ltd,CL-600-2B16
boeing,787
schleicher,ASG29-15M
lake,LA4
mcdonnell douglas,MD11
schleicher,ALEXANDER
air tractor inc,AT-302
ultramagic,N-250
hughes,500D
gulfstream-schweizer,GULFSTREAM AM G 164B
"boeing company, long beach div",BOEING MD-11
rolladen-schneider,LS 6
let,L 23 SUPER BLANIK
weatherly,620
beech,S35
cameron balloons us,V 77
beech,A36
schweizer,SGS 1 26E
cessna,T210 - H
north american,P 51D
american eurocopter corp,AS350B3
beech,95 B55 (T42A)
beech,V35B
beech,E 55
maule,MX 7-235
beech,V35
bellanca,7GCBC
mcdonnell douglas helicopter,369E
cessna,T182T
cameron balloons us,A-400
eurocopter,EC 130 B4
diamond aircraft ind inc,DA 20 C1
taylorcraft,BC12 D
air tractor inc,AT 602
beech,95-B55
silvaire,LUSCOMBE 8E
diamond aircraft ind inc,DA 20
maule,MX 7-180B
aircraft industries a.s.,L33 SOLO
linstrand,240A
flight design gmbh,CTSW
aero tek inc.,ZUNI
eagle,C-7
north american,AT6 - C
chance vought,F4U 4
costruzioni aeronautiche tecna,P92 EAGLET
air tractor inc,AT 802A
brantly,B 2B
schleicher,ASW 27
meyers,MAC 145
luscombe,8B
pzl-swidnik,PW 5
schweizer,SGS 1 34
boeing,A75N1(PT17)
hughes,TH 55A
cessna,182S
schweizer,269C-1
maule,M4-220C
czech sport aircraft as,PIPER SPORT
american champion aircraft,7GCBC
air tractor inc,AT-502
cessna,TR182
jonker sailplanes (pty) ltd,JS1-C
air tractor inc,AT 401B
colt balloons,160A
cessna,A188B
temco,GC 1B
piper,PA-22
great lakes,2T 1A 2
piper,PA-24-250
hughes,369HS
rockwell international,S 2R
cirrus,SR22
evektor-aerotechnik as,SPORTSTAR
champion,7GCAA
smith,AEROSTAR 601P
ultramagic,N250 - NO SERIES
cessna,150J
hph ltd,304CZ
raytheon,58
champion,7FC
foxair llc,KITFOX LIGHT SPORT
schweizer,SGS 2 33A
six chuter,SR7 XL
aeronca,7EC
airbus helicopters,AS 350 B3
bae systems,HAWK MK 67
embraer-empresa brasileira de,ERJ 170 200 LR
slingsby,T67M 260
cessna,T210M
aviat aircraft inc,S 2C
raytheon aircraft company,B200
embraer s.a.,EMB-500
boeing,737
beech,36
cirrus,SR22 - NO SERIES
piper,PA 46-350P
mcdonnell douglas aircraft co,MD 88
funk,B85C
rainbow aircraft (pty) ltd,AEROTRIKE
ultramagic sa,N210
grumman acft eng cor-schweizer,G 164A
trick trikes,582 CYCLONE STORM
boeing,707 338C
ultramagic,M90 - NO SERIES
aviat inc,PITTS S-2B
luscombe,8A
schweizer,SGS 1 26B
weatherly aviation co inc,620A
boeing,737-800
cessna,T310R
cessna,U206F
air tractor inc,AT 502B
cessna,206
piper,PA 32R-300
grumman,G 164B
champion,7HC
head,AX9 118
cessna,T240
boeing,777
cessna,T310Q
cessna,TU206G
boeing,767
beech,95 B55
hawker,400
mitsubishi,MU 300
beech,M35
aerostar international,RX8
embraer,EMB145
beech,95 C55
cameron balloons us,Z-150
cessna,R182
north american,AT6
embraer,ERJ190
grumman american avn. corp.,AA 1B
aeronca,7AC
maule,M 6-235
schleicher,ASW 28
boeing,747
cessna,182P
bell,525
evolution trikes,REVO
tumbling goose llc,12S
meyers,200
air tractor inc,AT 402
kubicek,BB85
pzl-bielsko,SZD 55-1
ercoupe,415
thrush aircraft inc,S2R T660
hiller,UH 12D
fairchild,M 62A-3
republic,RC3
cameron,Z90
aerospatiale,AS350
bellanca,7GCAA
beech,F33A
thunder & colt airborne amer,AX10 180
cessna,210
bell,407
grumman,G164
beech,19
burkhart grob,G103C
schempp-hirth,DISCUS 2B
north wing uum inc,SPORT X2 912
cessna,A185E
beech,D55
consolidated aeronautics inc.,LAKE LA 4
sikorsky,S-97A
north american,NAVION A
hughes,369A
cessna,U206G
globe,GC 1A
western international avia inc,UH 1H
american aviation,AA 1A
champion,7EC
cessna,172D
beech,C90
north american,NAVION
mcdonnell douglas,DC 9 33F
dehavilland,BEAVER DHC 2
piper,PA32R
cessna,441
beech,58
piper,PA 31P
lyons robert,NAVAJO HKS
lindstrand balloons,105A
mx aircraft llc,MXS
airbus,A320
s.z.d.,SZD 48 JANTAR STD 2
beech,G33
cosmos,PHASE III
bell,OH 58C
i.c.a.-brasov (romania),IS 29D
m-squared aircraft,SPRINT 1000
zs delta-bielsko wroclaw,SZD 36 A COBRA 15
cessna,P210N
mcdonnell douglas heli co,369FF
schleicher,ASW
thrush aircraft inc,S2R-H80
schweizer,269C
beech,A35
air tractor,AT502
kubicek,BB30
schempp hirth,DISCUS CS
schempp-hirth flugzeugbau gmbh,VENTUS 3F
cub crafters,CC19
microlites ptyltd,Dragonfly B
douglas,DC3
bell,UH 1H
beech,35
hughes,369
smith,HORNET
cessna,525
dji,Phantom
aero commander,S2R
cessna,A188
cessna,U206
champion,7KCAB
bell,212
beech,B60
beech,55
schweizer,SGS 1 35
schempp hirth,DUO DISCUS T
maule,M7
aero vodochody,L39
cessna,A185
beech,33
cessna,TU206
cessna,T210
piper,PA32RT
beech,F33
diamond,DA20
bombardier,CL 600 2B19
cessna,LC41
beech,200
embraer,ERJ170
piper,PA23
bombardier,CL 600 2C10
north american,T28
beech,50
apollo,MONSOON
cessna,L19
kubicek,BB100
nanchang,CJ 6
piper,PA28
northrop,N9M
tl ultralight sro,STINGSPORT
piper,PA28R
piper,PA34
flight design,CTLS
vought,F4U-7
piper,PA44
flight design,CTSW
sikorsky,UH19
lancair,LC41
david s meek,SUN DEVIL
aurora,PAV
cessna,425
s m & t aircraft,UH
mooney,M20V
nanchang,CJ6
boeing,737-8H4
boeing,CV2
quicksilver,Sport
waco,YMF
maule,M6
rolladen schneider,LS4
beech,23
schempp hirth,ARCUS
grob,G103
bell,47G 3B 1
piper,PA36
bolkow,PHOEBUS
beech,95B55
cessna,210 5(205)
cessna,175
culver,LCA
md helicopter,369
cessna,E162
robinson,R66
schleicher,ASW 24
jonker sailplanes,JS1C
cessna,R172
de havilland,DH60
head,AX9-118
extra,EA300
aero commander,200
cessna,560XL
scoda aeronautical,Super Petrel
lockheed,C130
bell,47G
cessna,510
piper,J3C
kubicek,BB60
air tractor,AT802
glaser dirks,DG500
aerostar international,RX 7
cessna,205
socata,TB 30 EPSILON
cub crafters,CC11
schleicher,ASW15
north american,SNJ-4
cirrus,SR-22
javron,PA-18 Replica
airbus,AS 350 B2
cirrus,SF50
airbus,AS350B2
sud aviation,SE 3130 ALOUETTE II
cessna,T310
airborne america,AX9-140
stearman,B75N1
stinson,V77
hiller,UH 12E
aerospatiale,AS350BA
bombardier,CL-600-2D24
cessna,182
eurocopter,EC130
tl ultralight sro,Stingsport
schempp hirth,STANDARD CIRRUS
air tractor,AT 502
aerospatiale,SA341
piper,PA-32RT-300T
extra,EA 300
piper,PA31
piper,PA31T
flightstar,2
m-squared,Sport 1000
north american,SNJ
ayres,S2R
general atomics,MQ-9B
american aviation,AA1
cessna,P210
cessna,T206
ayres,S 2R
magni,MAGNI M 16
sonex,SONEX
icon,A5
mitsubishi,MU2B
piper,PA 15
beech,24
air tractor,AT402
cub crafters,CCX-2000-0086
bellanca,1730A
great lakes,2T 1A
aerospatiale,SA342J
coyote,S-6ES
evektor aerotechnik,SPORTSTAR
air tractor,AT 602
mbb,BK117
boeing,B75
de havilland,DHC-2
cessna,188
golden circle air,T-Bird
piper,PA22
costruzioni aeronautiche tecna,P2004 Bravo
mcdonnell douglas,600
stearman,N2S 3
maule,MXT7
american eurocopter,AS350
greg miller,GOT ROCKS
sportine aviacija,LAK17
schweizer,SGS233
evektor aerotechnik,L13
socata,TB200
piper,PA 14
stearman,A75N1(PT17)
maule,MX7
navion,NAVION
champion,8KCAB
pik,PIK-20D
cessna,170B
eipper,QUICKSILVER
great lakes,2T1A
mooney,M20F
evolution,Revolt
bellanca,1730
piper,PA-28-180
cessna,310
piper,PA32
aerospatiale,AS355
piper,PA12
globe,GC1A
navion,Navion A
beech,65-80-8800
cessna,177RG
randy wayne maloney,M1
cessna,170
six chuter,Skye Ryder
airbus,321
cessna,182E
pipistrel,Apis-Bee
zenith,601
cessna,182A
mcdonnell douglas,MD80
schleicher,K7
fairchild,227
cessna,C172
aerostar international,S53A
